{
  "n_total": 3899647,
  "n_valid": 3899526,
  "n_skipped": 121,
  "graph_diameter_hops": {
    "min": 0.0,
    "p01": 5.0,
    "p25": 8.0,
    "median": 10.0,
    "mean": 9.672337868756356,
    "p75": 11.0,
    "p90": 12.0,
    "p95": 13.0,
    "p99": 14.0,
    "max": 41.0
  },
  "spatial_diameter_angstrom": {
    "min": 0.0,
    "p01": 5.362841486930847,
    "p25": 8.351593971252441,
    "median": 9.521570205688477,
    "mean": 9.54883861541748,
    "p75": 10.712580680847168,
    "p90": 11.856265544891357,
    "p95": 12.579451084136963,
    "p99": 14.079623222351074,
    "max": 75.4947738647461
  }
}